EmployeeKey,EmployeeID,EmployeeName,JobTitle,AlcoholTrained
1,30015010,Thalia Holgate,Customer Assistant,Yes
2,89165076,Leah Greene,Section Coordinator,Yes
3,24218677,Christopher Skinner,Section Manager,Yes
4,34407309,Penelope Clarkson,Section Manager,Yes
5,60785865,Karen James,Customer Assistant,No
6,26374527,Stephen Knox,Customer Assistant,Yes
7,57815909,Alexandra Harris,Section Coordinator,Yes
8,81695469,Keith Mathis,Customer Assistant,Yes
9,70919213,Keith Ellison,Store Manager,Yes
10,98606928,Olivia May,Customer Assistant,Yes
11,63102524,Stephen Reid,Customer Assistant,Yes
12,36894229,Rachel Campbell,Section Manager,Yes
13,41328970,Jack Jones,Section Coordinator,Yes
14,86117218,Justin Wallace,Customer Assistant,No
15,31773629,Andrea Lee,Customer Assistant,Yes
16,18105625,Diana Morgan,Customer Assistant,No
17,73114733,Eric Cameron,Section Coordinator,Yes
18,77095359,Amy Dickens,Customer Assistant,Yes
19,25255529,Andrew Hill,Section Manager,Yes
20,85017162,Rebecca Paterson,Customer Assistant,Yes
