PromotionKey,PromotionType,PromotionName,PromotionStartDate,PromotionEndDate
0,No promotion,No promotion,10101,99991231
1,Coupon,10% off fruit,20260101,20260131
2,Loyalty Card,10% off fruit,20260201,20260228
3,Loyalty Card,10% off fruit,20260301,20260331
4,Coupon,15% off meat,20260401,20260430
5,Coupon,20% off mains,20260501,20260531
6,Coupon,50% off drink,20260601,20260630
7,Coupon,50% off drink,20260701,20260731
8,Coupon,50% off drink,20260801,20260831
9,In store,10% off fruit,20260901,20260930
10,In store,15% off meat,20261001,20261031
11,In store,20% off mains,20261101,20261130
12,Loyalty Card,Free drink,20261201,20261231
