ProductKey,SKUNumber,ProductDescription,SubcategoryDescription,CategoryDescription,DepartmentDescription
1,948519,Tuna and Sweetcorn Sandwich,Sandwich,Main,Food to go
2,373843,Salmon and Cream Cheese Sandwich,Sandwich,Main,Food to go
3,664587,BLT Sandwich,Sandwich,Main,Food to go
4,735384,Ceasar Salad,Salad,Main,Food to go
5,121593,Couscous Salad,Salad,Main,Food to go
6,747366,Diet Coke,Soft Drink,Drink,Food to go
7,207218,Coke Zero,Soft Drink,Drink,Food to go
8,510612,Irn Bru,Soft Drink,Drink,Food to go
9,920146,Red Bull,Energy Drink,Drink,Food to go
10,036490,Orange Juice,Fruit Juice,Drink,Food to go
11,298655,Apple Juice,Fruit Juice,Drink,Food to go
12,143655,Iced and Spiced Buns,Baked,Side,Food to go
13,416334,Flapjack,Baked,Side,Food to go
14,755226,Apple and Peanut Butter,Healthy,Side,Food to go
15,639472,Farmhouse,Sliced,Bread,Bakery
16,125806,Seeeded,Sliced,Bread,Bakery
17,532013,Sourdough,Unsliced,Bread,Bakery
18,642840,Chocolate Birthday Cake,Birthday,Cake,Bakery
19,134483,Sponge Birthday Cake,Birthday,Cake,Bakery
20,572675,Fruit Cake,Non-Birthday,Cake,Bakery
21,399598,Chocolate Chip Cookies,Cookies,Multipack,Bakery
22,224910,White Chocolate Chip Cookies,Cookies,Multipack,Bakery
23,721715,Ginger Snap Cookies,Cookies,Multipack,Bakery
24,733947,Blueberry Muffins,Muffins,Multipack,Bakery
25,746859,Lemon,Citrus,Fruit,Fruit and Veg
26,616897,Lime,Citrus,Fruit,Fruit and Veg
27,946572,Orange Juice,Citrus,Fruit,Fruit and Veg
28,274644,Pink Lady,Apple,Fruit,Fruit and Veg
29,167003,Granny Smith,Apple,Fruit,Fruit and Veg
30,302417,Golden Delicious,Pear,Fruit,Fruit and Veg
31,508044,Carrot,Root,Veg,Fruit and Veg
32,688687,Potato,Root,Veg,Fruit and Veg
33,896133,Cabbage,Leafy,Veg,Fruit and Veg
34,543915,Kale,Leafy,Veg,Fruit and Veg
35,168800,Whole Bird,Chicken,Poultry,Meat
36,176753,Breast,Chicken,Poultry,Meat
37,920935,Drumbsticks,Chicken,Poultry,Meat
38,262809,Whole Bird,Turkey,Poultry,Meat
39,330475,Slices,Turkey,Poultry,Meat
40,216375,Sirloin,Steak,Beef,Meat
41,052242,Ribeye,Steak,Beef,Meat
42,752048,Beef Mince,Mince,Beef,Meat
